,date,retail_and_recreation_percent_change_from_baseline,grocery_and_pharmacy_percent_change_from_baseline,parks_percent_change_from_baseline,transit_stations_percent_change_from_baseline,workplaces_percent_change_from_baseline,residential_percent_change_from_baseline
0,2020-02-15,6.0,2.0,15.0,3.0,2.0,-1.0
1,2020-02-16,7.0,1.0,16.0,2.0,0.0,-1.0
2,2020-02-17,6.0,0.0,28.0,-9.0,-24.0,5.0
3,2020-02-18,0.0,-1.0,6.0,1.0,0.0,1.0
4,2020-02-19,2.0,0.0,8.0,1.0,1.0,0.0
5,2020-02-20,1.0,0.0,4.0,0.0,0.0,1.0
6,2020-02-21,2.0,-2.0,4.0,1.0,0.0,0.0
7,2020-02-22,7.0,3.0,23.0,5.0,4.0,-1.0
8,2020-02-23,7.0,3.0,23.0,5.0,2.0,-1.0
9,2020-02-24,2.0,1.0,9.0,1.0,3.0,0.0
10,2020-02-25,4.0,1.0,9.0,2.0,2.0,0.0
11,2020-02-26,7.0,2.0,5.0,3.0,2.0,-1.0
12,2020-02-27,8.0,3.0,12.0,4.0,2.0,0.0
13,2020-02-28,8.0,3.0,10.0,5.0,2.0,-1.0
14,2020-02-29,12.0,7.0,21.0,7.0,4.0,-2.0
15,2020-03-01,13.0,9.0,18.0,7.0,3.0,-1.0
16,2020-03-02,7.0,6.0,10.0,2.0,3.0,-1.0
17,2020-03-03,11.0,10.0,20.0,3.0,2.0,-1.0
18,2020-03-04,8.0,6.0,17.0,2.0,3.0,-1.0
19,2020-03-05,8.0,7.0,21.0,2.0,3.0,-1.0
20,2020-03-06,5.0,3.0,12.0,2.0,2.0,-1.0
21,2020-03-07,10.0,8.0,29.0,7.0,5.0,-1.0
22,2020-03-08,10.0,7.0,40.0,5.0,2.0,-1.0
23,2020-03-09,6.0,6.0,31.0,-1.0,0.0,0.0
24,2020-03-10,6.0,7.0,18.0,-3.0,-2.0,1.0
25,2020-03-11,8.0,10.0,26.0,-2.0,-1.0,0.0
26,2020-03-12,6.0,23.0,19.0,-6.0,-3.0,1.0
27,2020-03-13,2.0,26.0,4.0,-10.0,-7.0,3.0
28,2020-03-14,-6.0,18.0,3.0,-10.0,-1.0,3.0
29,2020-03-15,-9.0,12.0,5.0,-13.0,-7.0,3.0
30,2020-03-16,-8.0,21.0,-1.0,-22.0,-20.0,8.0
31,2020-03-17,-18.0,14.0,8.0,-26.0,-27.0,11.0
32,2020-03-18,-24.0,8.0,6.0,-30.0,-31.0,13.0
33,2020-03-19,-28.0,7.0,2.0,-36.0,-33.0,15.0
34,2020-03-20,-32.0,5.0,-2.0,-37.0,-36.0,16.0
35,2020-03-21,-40.0,-2.0,-3.0,-36.0,-24.0,12.0
36,2020-03-22,-44.0,-13.0,-12.0,-44.0,-31.0,11.0
37,2020-03-23,-38.0,-10.0,-23.0,-47.0,-41.0,17.0
38,2020-03-24,-39.0,-12.0,-10.0,-46.0,-45.0,19.0
39,2020-03-25,-40.0,-15.0,-7.0,-47.0,-46.0,19.0
40,2020-03-26,-40.0,-14.0,3.0,-48.0,-47.0,20.0
41,2020-03-27,-42.0,-16.0,-7.0,-49.0,-46.0,21.0
42,2020-03-28,-48.0,-19.0,-25.0,-49.0,-34.0,15.0
43,2020-03-29,-47.0,-22.0,-19.0,-51.0,-38.0,12.0
44,2020-03-30,-40.0,-18.0,-15.0,-50.0,-48.0,19.0
45,2020-03-31,-40.0,-16.0,-16.0,-49.0,-49.0,20.0
46,2020-04-01,-37.0,-11.0,-7.0,-48.0,-49.0,20.0
47,2020-04-02,-40.0,-11.0,-9.0,-51.0,-50.0,21.0
48,2020-04-03,-42.0,-12.0,-21.0,-51.0,-50.0,22.0
49,2020-04-04,-48.0,-15.0,-24.0,-50.0,-37.0,15.0
50,2020-04-05,-49.0,-20.0,-20.0,-54.0,-40.0,13.0
51,2020-04-06,-42.0,-16.0,-10.0,-52.0,-50.0,20.0
52,2020-04-07,-42.0,-14.0,-2.0,-51.0,-51.0,21.0
53,2020-04-08,-42.0,-15.0,-6.0,-51.0,-51.0,21.0
54,2020-04-09,-43.0,-13.0,-21.0,-54.0,-52.0,22.0
55,2020-04-10,-43.0,-13.0,-21.0,-54.0,-56.0,24.0
56,2020-04-11,-45.0,-7.0,-16.0,-49.0,-38.0,14.0
57,2020-04-12,-63.0,-39.0,-36.0,-56.0,-45.0,13.0
58,2020-04-13,-45.0,-22.0,-31.0,-55.0,-51.0,21.0
59,2020-04-14,-40.0,-16.0,-15.0,-50.0,-50.0,20.0
60,2020-04-15,-36.0,-13.0,-16.0,-49.0,-49.0,20.0
61,2020-04-16,-39.0,-13.0,-14.0,-50.0,-49.0,21.0
62,2020-04-17,-42.0,-17.0,-22.0,-51.0,-48.0,22.0
63,2020-04-18,-45.0,-15.0,-20.0,-47.0,-33.0,14.0
64,2020-04-19,-45.0,-19.0,-10.0,-50.0,-37.0,11.0
65,2020-04-20,-39.0,-16.0,-7.0,-49.0,-48.0,19.0
66,2020-04-21,-38.0,-14.0,-8.0,-49.0,-49.0,20.0
67,2020-04-22,-38.0,-14.0,-9.0,-48.0,-49.0,20.0
68,2020-04-23,-40.0,-14.0,-14.0,-50.0,-49.0,21.0
69,2020-04-24,-40.0,-16.0,-14.0,-50.0,-48.0,21.0
70,2020-04-25,-41.0,-11.0,2.0,-42.0,-32.0,12.0
71,2020-04-26,-42.0,-16.0,-11.0,-48.0,-36.0,11.0
72,2020-04-27,8.184017987922351,8.185125254836308,18.039601886005407,3.0100601790448964,3.614064669520586,-1.305140454622585
73,2020-04-28,12.730400089275259,13.562944857433074,33.71549718284487,5.929217933561304,6.598705771481344,-2.0504222420912686
74,2020-04-29,13.230098849694407,13.563142161401178,35.965393743590035,5.179267443707248,4.600150759782492,-1.7998854370487591
75,2020-04-30,9.229887255682844,11.813373354603634,31.21564588582547,-1.320327025147991,-1.645319960398794,0.2006918371257176
76,2020-05-01,9.229597765324666,12.813744232451718,24.965974225079744,1.179521255825413,3.3512005037576835,-0.5485704532648735
77,2020-05-02,10.22928847988565,13.064074230187545,25.715946980196648,1.4295088493020853,4.100750864076392,-1.2978549592198911
78,2020-05-03,9.729037260371808,16.814583037440183,25.715957832566346,0.4295738386651793,3.351307999136696,-0.5471648293469769
79,2020-05-04,9.77513168791203,11.609237112934377,22.726005009979694,3.1819072668832424,4.753908749376682,-1.6270329633359462
80,2020-05-05,14.321513789278068,16.987056715533598,38.40190030684478,6.1010650214203554,7.738549851356431,-2.3723147508104496
81,2020-05-06,14.821212549693538,16.987254019504274,40.65179686758183,5.351114531562437,5.739994839655108,-2.1217779457659476
82,2020-05-07,10.821000955682695,15.237485212712974,35.90204900982044,-1.1484799372920125,-0.5054758805222423,-0.12120067159123304
83,2020-05-08,10.820711465327916,16.23785609056807,29.652377349090056,1.3513683436807589,4.491044583634514,-0.8704629619818551
84,2020-05-09,11.820402179886175,16.48818608828747,30.402350104200433,1.601355937158309,5.24059494395089,-1.619747467937399
85,2020-05-10,11.32015096037015,20.238694895540746,30.402360956567733,0.6014209265151655,4.491152079002969,-0.869057338063433
86,2020-05-11,11.36624538791539,15.033348971035938,27.412408133975113,3.353754354747045,5.893752829257834,-1.9489254720560278
87,2020-05-12,15.912627489280881,20.411168573634125,43.0883034308447,6.272912109279408,8.87839393123152,-2.694207259529631
88,2020-05-13,16.41232624969267,20.411365877607366,45.338199991573624,5.522961619417625,6.879838919527723,-2.4436704544831365
89,2020-05-14,12.412114655678764,18.66159707079436,40.5884521337881,-0.976632849432618,0.6343681993519379,-0.4430931803117526
90,2020-05-14,12.411825165322849,19.661967948654233,34.338780473072454,1.523215431534476,5.63088866349737,-1.1923554706985542
91,2020-05-15,13.411515879887023,19.91229794638793,35.088753228188736,1.773203025018153,6.38043902382782,-1.9416399766566315
92,2020-05-16,12.911264660370392,23.662806753638783,35.08876408054831,0.773268014378991,5.630996158883662,-1.1909498467832826
93,2020-05-17,12.95735908791696,18.457460829132543,32.09881125797487,3.5256014426046876,7.033596909131248,-2.270817980775208
94,2020-05-18,17.50374118926973,23.835280431722826,47.77470655479658,6.4447591971323615,10.018238011104545,-3.0160997682469106
95,2020-05-19,18.00343994970155,23.83547773570067,50.02460311556763,5.694808707293583,8.01968299942145,-2.765562963209048
96,2020-05-20,14.003228355678614,22.085708928903703,45.274855257783074,-0.8047857615766394,1.774212279228486,-0.7649856890287037
97,2020-05-21,14.002938865325007,23.086079806758825,39.0251835970672,1.6950625193942703,6.77073274337646,-1.5142479794177213
98,2020-05-22,15.002629579887873,23.3364098044884,39.77515635217705,1.9450501128779976,7.52028310370475,-2.2635324853758636
99,2020-05-23,14.502378360369688,27.086918611738085,39.775167204539294,0.9451151022358968,6.770840238757145,-1.5128423555014359
100,2020-05-24,14.548472787922115,21.881572687239068,36.78521438196595,3.6974485304746496,8.173440989020138,-2.592710489496192
101,2020-05-25,19.094854889274817,27.25939228983355,52.461109678799076,6.616606284995594,11.158082090986365,-3.3379922769660215
102,2020-05-26,19.594553649703,27.259589593817186,54.711006239568434,5.866655795150144,9.159527079298462,-3.0874554719252076
103,2020-05-27,15.594342055678464,25.50982078701304,49.96125838177803,-0.6329386737206599,2.9140563591050386,-1.086878197745654
104,2020-05-28,15.594052565327164,26.51019166486341,43.711586721061934,1.8669096072540659,7.910576823255549,-1.8361404881368886
105,2020-05-29,16.593743279888724,26.760521662588857,44.46155947616534,2.116897200737842,8.66012718358168,-2.5854249940950957
106,2020-05-30,16.093492060376057,30.511030469846677,44.46157032854773,1.1169621900950908,7.910684318636807,-1.8347348642211354
107,2020-05-31,16.139586487923683,25.30568454533567,41.471617505965696,3.8692956183322917,9.313285068893553,-2.9146029982153707
108,2020-06-01,20.685968589275348,30.683504147923877,57.14751280279639,6.788453372850466,12.29792617085472,-3.659884785685273
109,2020-06-02,21.185667349699813,30.683701451906867,59.39740936355122,6.038502883003961,10.299371159166682,-3.4093479806434255
110,2020-06-03,17.185455755676426,28.933932645108403,54.64766150575935,-0.4610915858629743,4.0539004389804045,-1.4087707064643888
111,2020-06-04,17.18516626532319,29.934303522961336,48.397989845059904,2.0387566951033333,9.050420903116146,-2.158032996851401
112,2020-06-05,18.184856979889656,30.184633520696558,49.14796260016808,2.288744288591378,9.799971263453356,-2.907317502812174
113,2020-06-06,17.684605760375348,33.935142327945975,49.1479734525387,1.2888092779519962,9.05052839851029,-2.156627372939288
114,2020-06-07,17.730700187925255,28.729796403432267,46.158020629965456,4.041142706189935,10.453129148766966,-3.2364955069345505
115,2020-06-08,22.277082289280443,34.107616006034604,61.83391592679891,6.9603004607136985,13.437770250736545,-3.9817772944043845
116,2020-06-09,22.776781049698947,34.10781331000996,64.08381248754301,6.2103499708591485,11.439215239039296,-3.731240489360614
117,2020-06-10,18.776569455687625,32.35804450321563,59.33406462978118,-0.2892444979964828,5.193744518859134,-1.7306632151858283
118,2020-06-11,18.776279965324253,33.35841538105416,53.08439296903907,2.2106037829675778,10.190264982997492,-2.479925505572755
119,2020-06-12,19.775970679890428,33.60874537878979,53.83436572414197,2.460591376457532,10.939815343335539,-3.2292100115335614
120,2020-06-13,19.275719460375594,37.35925418604401,53.834376576519276,1.4606563658158214,10.190372478390984,-2.478519881659138
121,2020-06-15,19.321813887918516,32.15390826154025,50.844423753931075,4.2129897940406,11.59297322863854,-3.558388015649717
122,2020-06-16,23.86819598926929,37.531727864123305,66.52031905075079,7.132147548566652,14.577614330609567,-4.3036698031216645
123,2020-06-17,24.367894749698074,37.531925168113055,68.77021561153481,6.382197058714336,12.579059318911911,-4.053132998077803
124,2020-06-18,20.367683155685583,35.782156361310996,64.0204677537625,-0.11739741013879623,6.333588598734498,-2.0525557239045638
125,2020-06-19,20.367393665327505,36.78252723917051,57.770796093049384,2.382450870822924,11.330109062874328,-2.8018180142897364
126,2020-06-20,21.36708437989136,37.032857236897485,58.520768848144684,2.6324384643110674,12.079659423207216,-3.5511025202506383
127,2020-06-21,20.866833160374885,40.783366044143314,58.52077970051026,1.6325034536727272,11.330216558264466,-2.80041239037729
128,2020-06-22,20.912927587920088,35.57802011963686,55.530826877930835,4.384836881898243,12.732817308511951,-3.8802805243688967
129,2020-06-23,25.459309689274377,40.955839722234025,71.2067221747533,7.303994636429884,15.717458410491389,-4.625562311840774
130,2020-06-24,25.9590084496972,40.95603702621615,73.4566187355266,6.554044146569526,13.718903398784528,-4.375025506794991
131,2020-06-25,21.95879685568544,39.20626821942034,68.70687087775745,0.05444967771718234,7.473432678611049,-2.3744482326215137
132,2020-06-26,21.95850736532857,40.206639097263334,62.457199217028545,2.554297958687168,12.469953142755676,-3.1237105230110904
133,2020-06-27,22.9581980798918,40.456969094990185,63.207171972134056,2.8042855521736003,13.219503503086967,-3.8729950289703012
134,2020-06-28,22.45794686037418,44.20747790224261,63.20718282450123,1.804350541529633,12.470060638137948,-3.122304899095443
135,2020-06-29,22.50404128792345,39.00213197773842,60.217230001926254,4.5566839697620445,13.872661388393105,-4.202173033088978
136,2020-06-30,27.05042338927491,44.37995158032436,75.8931252987506,7.4758417242847575,16.857302490359743,-4.947454820560027
137,2020-07-01,27.550122149694015,44.38014888430583,78.14302185950937,6.725891234423342,14.858747478652747,-4.6969180155132095
138,2020-07-02,23.54991055569475,42.6303800775136,73.39327400176566,0.2262967655853818,8.613276758488595,-2.696340741344739
139,2020-07-03,23.54962106532963,43.63075095535615,67.14360234100772,2.726145046551412,13.609797222637024,-3.4456030317324444
140,2020-07-04,24.54931177989265,43.88108095309064,67.89357509612236,2.976132640033444,14.359347582963899,-4.194887537689533
141,2020-07-05,24.049060560373473,47.63158976034192,67.89358594849222,1.9761976293865389,13.609904718011432,-3.444197407813596
142,2020-07-06,24.09515498792681,42.42624383583999,64.90363312592166,4.7285310576258475,15.012505468274256,-4.52406554180906
143,2020-07-07,28.641537089280003,47.804063438435065,80.57952842275311,7.6476888121479885,17.997146570241565,-5.269347329279137
144,2020-07-08,29.141235849705215,47.80426074241254,82.82942498351241,6.897738322300672,15.998591558550869,-5.018810524238091
145,2020-07-09,25.1410242556946,46.05449193562292,78.07967712576063,0.39814385344135994,9.753120838365149,-3.0182332500616886
146,2020-07-10,25.14073476533179,47.05486281346074,71.83000546500246,2.8979921344112074,14.749641302516114,-3.7674955404516117
147,2020-07-11,26.140425479893498,47.3051928111911,72.57997822011068,3.147979727893288,15.499191662840826,-4.5167800464087655
148,2020-07-12,25.6401742603808,51.055701618449234,72.57998907249025,2.1480447172526524,14.749748797898304,-3.7660899165349937
149,2020-07-13,25.686268687918282,45.850355693943015,69.59003624989161,4.900378145470353,16.15234954813809,-4.845958050523324
150,2020-07-14,30.232650789285096,51.228175296545785,85.26593154675562,7.819535900011221,19.136990650123387,-5.591239837998248
151,2020-07-14,30.732349549704345,51.22837260051564,87.5158281075042,7.0695854101558595,17.138435638423484,-5.340703032955281
152,2020-07-15,26.732137955692558,49.47860379371828,82.76608024974193,0.5699909412990465,10.89296491824051,-3.340125758780424
153,2020-07-16,26.731848465333947,50.478974671565325,76.51640858899721,3.0698392222710025,15.889485382395206,-4.089388049170779
154,2020-07-17,27.731539179894433,50.729304669298806,77.26638134411337,3.3198268157468243,16.639035742712505,-4.838672555125844
155,2020-07-18,27.231287960379138,54.47981347654979,77.26639219649164,2.319891805102639,15.889592877764576,-4.08798242525145
156,2020-07-19,27.277382387919854,49.27446755203961,74.27643937389136,5.072225233327996,17.292193628011503,-5.167850559242503
157,2020-07-20,31.823764489285622,54.65228715463611,89.95233467075295,7.991382987866093,20.276834729991737,-5.9131323467175
158,2020-07-21,32.32346324970348,54.65248445861873,92.20223123149599,7.241432498011048,18.2782797182961,-5.662595541672468
159,2020-07-22,28.323251655690523,52.90271565181366,87.45248337372328,0.7418380291567335,12.032808998115879,-3.66201826749916
160,2020-07-23,28.322962165329976,53.903086529663256,81.20281171299517,3.241686310120271,17.029329462255802,-4.411280557885291
161,2020-07-24,29.3226528798952,54.15341652739203,81.95278446808729,3.491673903612977,17.778879822594686,-5.160565063847232
162,2020-07-25,28.822401660379384,57.90392533464783,81.9527953204722,2.491738892966464,17.02943695764527,-4.4098749339713
163,2020-07-26,28.868496087923212,52.69857941014117,78.96284249788678,5.244072321191799,18.432037707892658,-5.489743067962586
164,2020-07-27,33.41487818929071,58.07639901274684,94.63873779475544,8.163230075729324,21.41667880987356,-6.2350248554366114
165,2020-07-28,33.91457694971236,58.07659631671203,96.88863435548998,7.413279585887006,19.418123798189825,-5.984488050398381
166,2020-07-29,29.91436535568848,56.32682750990902,92.13888649770459,0.91368511701442,13.172653077991242,-3.9839107762178965
167,2020-07-30,29.914075865331032,57.32719838775607,85.88921483697435,3.413533397984515,18.16917354213715,-4.733173066606645
168,2020-07-31,30.913766579896134,57.577528385499726,86.63918759209001,3.663520991466513,18.918723902466365,-5.482457572564309
169,2020-08-01,30.413515360378675,61.32803719274714,86.63919844446319,2.6635859808233704,18.16928103751875,-4.731767442689451
170,2020-08-02,30.45960978792657,56.12269126824273,83.64924562188222,5.415919409055601,19.57188178777381,-5.811635576682667
171,2020-08-03,35.005991889279564,61.500510870835534,99.3251409187073,8.33507716358228,22.55652288974659,-6.556917364153891
172,2020-08-04,35.50569064971381,61.50070817482855,101.57503747949082,7.585126673743568,20.55796787806684,-6.306380559114541
173,2020-08-05,31.505479055688333,59.75093936801836,96.82528962169953,1.0855322048703981,14.312497157867794,-4.3058032849348455
174,2020-08-06,31.505189565334284,60.75131024587242,90.57561796098466,3.5853804858398606,19.309017622013982,-5.055065575323628
175,2020-08-07,32.50488027989706,61.00164024360742,91.32559071609272,3.835368079320048,20.058567982338037,-5.8043500812813855
176,2020-08-08,32.00462906038504,64.75214905085572,91.32560156847161,2.8354330686825633,19.309125117398413,-5.053659951409152
177,2020-08-09,32.050723487929936,59.546803126344294,88.33564874587762,5.587766496919403,20.711725867654962,-6.133528085402749
178,2020-08-10,36.59710558928237,64.92462272893607,104.01154404270723,8.506924251441331,23.696366969621675,-6.878809872873072
179,2020-08-11,37.09680434971063,64.92482003291823,106.26144060347359,7.756973761597385,21.69781195793506,-6.628273067832759
180,2020-08-12,33.096592755686295,63.175051226113716,101.51169274568086,1.2573792927280842,15.452341237743159,-4.627695793653582
181,2020-08-13,33.096303265335344,64.17542210396525,95.2620210849638,3.757227573704104,20.448861701895332,-5.376958084044981
182,2020-08-15,34.09599397989751,64.42575210170013,96.0119938400821,4.007215167182581,21.19841206221779,-6.126242590001049
183,2020-08-16,33.59574276038434,68.17626090895502,96.01200469246261,3.007280156539469,20.448969197271897,-5.375552460127305
184,2020-08-17,33.6418371879315,62.970914984440896,93.02205186987737,5.759613584777046,21.851569947528375,-6.455420594121929
185,2020-08-18,38.18821928928519,68.3487345870366,108.69794716670717,8.678771339300384,24.836211049496765,-7.200702381592254
186,2020-08-19,38.687918049707434,68.34893189100792,110.94784372745637,7.9288208494512,22.837656037803278,-6.950165576550977
187,2020-08-20,34.687706455697494,66.59916308422095,106.1980958697027,1.4292263805945762,16.59218531762189,-4.949588302375021
188,2020-08-21,34.687416965337505,67.59953396206983,99.94842420895856,3.9290746615638996,21.58870578177442,-5.698850592764148
189,2020-08-22,35.687107679898354,67.84986395980057,100.6983969640704,4.179062255042426,22.338256142094718,-6.448135098720282
190,2020-08-23,35.18685646038459,71.60037276705305,100.69840781644317,3.1791272444032947,21.58881327715259,-5.697444968847154
191,2020-08-24,35.23295088793665,66.39502684254742,97.70845499386846,5.931460672647008,22.991414027417264,-6.777313102842912
192,2020-08-25,39.779332989290275,71.77284644514732,113.38435029070965,8.850618427163617,25.976055129378587,-7.522594890311364
193,2020-08-26,40.279031749708885,71.77304374912441,115.63424685145719,8.10066793730776,23.97750011768029,-7.272058085267137
194,2020-08-27,36.278820155695456,70.02327494231632,110.884498993684,1.6010734684522627,17.73202939749725,-5.271480811093756
195,2020-08-28,36.27853066533966,71.02364582017442,104.63482733295328,4.100921749423694,22.728549861653505,-6.020743101483317
196,2020-08-29,37.27822137989921,71.27397581790105,105.38480008805871,4.35090934290227,23.478100221971648,-6.770027607439514
197,2020-08-30,36.777970160384825,75.02448462515109,105.38481094042375,3.3509743322671195,22.728657357033285,-6.019337477567004
198,2020-08-31,36.82406458792634,69.8191387006455,102.39485811784276,6.103307760485354,24.131258107273364,-7.099205611556274
199,2020-09-01,41.37044668927913,75.19695830323602,118.07075341466154,9.02246551501657,27.11589920925161,-7.844487399028645
200,2020-09-02,41.8701454497057,75.19715560721411,120.32064997543996,8.272515025161576,25.117344197548512,-7.593950593985355
201,2020-09-03,37.86993385569531,73.44738680042566,115.57090211767897,1.7729205563082404,18.871873477373803,-5.593373319810707
202,2020-09-04,37.86964436534182,74.447757678279,109.32123045694802,4.272768837283489,23.8683939415326,-6.342635610202484
203,2020-09-05,38.86933507989973,74.69808767600097,110.07120321206249,4.522756430758493,24.61794430184614,-7.09192011615702
204,2020-09-06,38.36908386038317,78.44859648325165,110.07121406442515,3.522821420117106,23.868501436899553,-6.34122998628346
205,2020-09-07,38.415178287929706,73.24325055874706,107.08126124183818,6.275154848349156,25.271102187154515,-7.421098120276356
206,2020-09-08,42.961560389281935,78.62107016133655,122.75715653866146,9.194312602875623,28.255743289126695,-8.166379907747826
207,2020-09-09,43.46125914970484,78.62126746531719,125.00705309943174,8.444362113016766,26.257188277421125,-7.915843102702543
208,2020-09-10,39.461047555691366,76.87149865850704,120.25730524164665,1.9447676441676345,20.011717557247984,-5.9152658285312265
209,2020-09-11,39.46075806533675,77.87186953636517,114.00763358093042,4.444615925137206,25.008238021395456,-6.664528118919181
210,2020-09-12,40.4604487799005,78.1221995340942,114.75760633603636,4.694603518624647,25.75778838172833,-7.413812624878409
211,2020-09-13,39.96019756038341,81.87270834134969,114.75761718840572,3.6946685079809316,25.00834551678025,-6.66312249500331
212,2020-09-14,40.00629198793306,76.66736241684862,111.76766436583361,6.447001936212958,26.41094626703567,-7.742990628996439
213,2020-09-15,44.55267408928475,82.04518201943706,127.44355966266136,9.366159690734674,29.39558736900178,-8.488272416467007
214,2020-09-16,45.05237284971371,82.0453793234105,129.69345622342576,8.616209200892722,27.39703235731485,-8.237735611428455
215,2020-09-17,41.052161255691225,80.29561051661638,124.9437083656416,2.116614732023613,21.151561637124534,-6.237158337248176
216,2020-09-18,41.05187176533891,81.29598139446975,118.69403670492515,4.616463012997001,26.148082101274543,-6.98642062763835
217,2020-09-19,42.05156247990143,81.54631139220189,119.4440094600391,4.866450606478183,26.897632461600004,-7.735705133595486
218,2020-09-20,41.55131126038271,85.296820199449,119.4440203123967,3.866515595837838,26.148189596653733,-6.985015003721463
219,2020-09-21,41.59740568793643,80.09147427495019,116.454067489829,6.618849024076761,27.550790346916823,-8.064883137716519
220,2020-09-22,46.14378778928983,85.46929387754778,132.12996278666387,9.538006778597907,30.535431448883607,-8.810164925186118
221,2020-09-23,46.64348654971516,85.469491181527,134.37985934742656,8.788056288749285,28.53687643719186,-8.559628120144614
222,2020-09-24,42.643274955691076,83.71972237472572,129.63011148963656,2.2884618198795925,22.291405717001084,-6.559050845965126
223,2020-09-25,42.642985465341056,84.72009325257433,123.3804398289199,4.788310100856798,27.287926181153633,-7.308313136357517
224,2020-09-26,43.64267617990229,84.97042325030236,124.13041258402743,5.038297694338027,28.037476541476938,-8.05759764231472
225,2020-09-27,43.14242496038908,88.72093205755759,124.13042343640514,4.038362683697032,27.288033676533395,-7.306907512441163
226,2020-09-28,43.1885193879261,83.51558613304825,121.14047061380329,6.790696111915108,28.690634426772917,-8.38677564642988
227,2020-09-29,47.73490148929037,88.89340573563813,136.8163659106612,9.709853866452777,31.67527552875196,-9.13205743390537
228,2020-09-30,48.234600249711974,88.89360303961669,139.06626247140935,8.959903376603098,29.676720517060083,-8.881520628862832
229,2020-10-01,44.23438865568714,87.1438342328071,134.31651461360423,2.4603089077389857,23.431249796875264,-6.880943354685646
230,2020-10-02,44.234099165337085,88.14420511067226,128.06684295291788,4.960157188706064,28.42777026101423,-7.630205645072029
231,2020-10-03,45.233789879903135,88.39453510840283,128.81681570801572,5.2101447821978715,29.177320621353868,-8.379490151033952
232,2020-10-04,44.733538660388376,92.14504391565688,128.81682656039612,4.210209771553937,28.427877756406875,-7.628800021159316
233,2020-10-05,44.77963308792767,86.93969799114485,125.82687373780306,6.96254319977275,29.83047850664633,-8.708668155149061
234,2020-10-06,49.32601518929546,92.31751759374885,141.5027690346637,9.881700954316011,32.81511960863378,-9.45394994262448
235,2020-10-07,49.8257139497111,92.31771489771978,143.75266559540117,9.131750464458287,30.8165645969327,-9.203413137580021
236,2020-10-08,45.82550235570024,90.5679460909283,139.00291773763973,2.63215599560377,24.57109387675518,-7.202835863405301
237,2020-10-09,45.82521286533815,91.5683169687651,132.75324607689703,5.132004276570308,29.56761434089558,-7.952098153793383
238,2020-10-10,46.82490357990399,91.81864696650331,133.50321883200402,5.381991870057717,30.3171647012308,-8.701382659753184
239,2020-10-11,46.32465236038862,95.56915577375494,133.5032296843767,4.382056859417763,29.56772183628757,-7.9506925298791655
240,2020-10-12,46.37074678793282,90.36380984925137,130.5132768617941,7.134390287642712,30.97032258653522,-9.030560663870045
241,2020-10-13,50.917128889284314,95.74162945183754,146.18917215861558,10.053548042168964,33.95496368850681,-9.77584245134176
242,2020-10-14,51.416827649710235,95.74182675582288,148.43906871939294,9.303597552313477,31.95640867680531,-9.525305646297209
243,2020-10-14,47.41661605569819,93.99205794902367,143.68932086162104,2.8040030834614567,25.710937956630545,-7.524728372124037
244,2020-10-15,47.416326565341414,94.99242882688148,137.43964920090735,5.303851364425655,30.70745842077241,-8.273990662510366
245,2020-10-16,48.41601727990491,95.242758824611,138.18962195600673,5.553838957911252,31.457008781102473,-9.023275168470262
246,2020-10-17,47.915766060386964,98.99326763185549,138.1896328083781,4.553903947267749,30.707565916153843,-8.272585038595622
247,2020-10-18,47.961860487934395,93.78792170734798,135.1996799857939,7.306237375500356,32.11016666640864,-9.352453172589223
248,2020-10-19,52.508242589287114,99.16574130993807,150.87557528261547,10.225395130028016,35.0948077683819,-10.097734960060942
249,2020-10-20,53.00794134970937,99.16593861392599,153.12547184338476,9.475444640168664,33.09625275667792,-9.847198155014398
250,2020-10-21,49.00772975569805,97.41616980713302,148.375723985616,2.975850171317435,26.8507820365071,-7.846620880840989
251,2020-10-22,49.00744026534247,98.41654068497427,142.12605232488653,5.475698452289898,31.847302500653758,-8.59588317123172
252,2020-10-23,50.007130979905355,98.66687068270369,142.8760250799961,5.725686045773784,32.596852860982224,-9.345167677189925
253,2020-10-24,49.506879760394284,102.41737948996283,142.8760359323761,4.725751035133862,31.84740999604071,-8.594477547317018
254,2020-10-25,49.55297418793776,97.21203356544954,139.88608310978933,7.478084463364157,33.25001074628978,-9.674345681309305
255,2020-10-26,54.09935628928993,102.5898531680386,155.56197840661537,10.397242217887069,36.23465184825698,-10.419627468780122
256,2020-10-27,54.59905504970618,102.59005047201568,157.81187496736752,9.64729172802248,34.236096836546146,-10.169090663732616
257,2020-10-28,50.59884345570735,100.84028166522627,153.06212710962419,3.147697259185634,27.99062611638464,-8.168513389564211
258,2020-10-29,50.59855396534353,101.84065254306708,146.81245544886568,5.647545540154143,32.9871465805351,-8.917775679953072
259,2020-10-30,51.5982446799062,102.09098254080413,147.5624282039844,5.897533133633629,33.73669694085915,-9.667060185909156
260,2020-10-31,51.09799346039358,105.84149134806212,147.5624390563671,4.897598122990768,32.9872540759142,-8.916370056035172
261,2020-11-01,51.144087887941126,100.6361454235511,144.5724862337847,7.64993155122796,34.38985482617094,-9.996238190029388
262,2020-11-02,55.690469989295025,106.01396502614934,160.2483815306179,10.569089305750301,37.374495928138806,-10.741519977499234
263,2020-11-03,56.1901687497197,106.0141623301358,162.49827809137955,9.819138815901184,35.37594091644867,-10.490983172456469
264,2020-11-04,52.18995715570722,104.26439352333561,157.74853023361916,3.319544347041613,29.130470196261193,-8.490405898281164
265,2020-11-05,52.18966766534678,105.26476440118346,151.498858572876,5.819392628009489,34.12699066041194,-9.239668188670056
266,2020-11-06,53.18935837990706,105.51509439890462,152.24883132797274,6.069380221493473,34.87654102073608,-9.988952694628388
267,2020-11-07,52.689107160393824,109.26560320616015,152.24884218034765,5.069445210854594,34.12709815579489,-9.238262564755019
268,2020-11-08,52.735201587932586,104.06025728165412,149.25888935775467,7.8217786390724635,35.52969890603477,-10.318130698743651
269,2020-11-09,57.28158368930011,109.43807688426004,164.93478465462042,10.740936393613532,38.514340008020625,-11.063412486218343
270,2020-11-10,57.781282449716514,109.43827418822548,167.18468121536233,9.990985903755,36.51578499631688,-10.812875681174688
271,2020-11-11,53.78107085570517,107.68850538143097,162.43493335760047,3.4913914348993,30.270314276136553,-8.812298406999895
272,2020-11-12,53.780781365347835,108.68887625927626,156.18526169685515,5.991239715873734,35.266834740293284,-9.561560697391405
273,2020-11-13,54.780472079908,108.93920625701232,156.93523445197548,6.24122730934701,36.016385100607756,-10.310845203345467
274,2020-11-15,54.28022086039216,112.68971506426074,156.93524530434905,5.241292298704581,35.26694223566117,-9.560155073471478
275,2020-11-16,54.326315287934165,107.48436913975075,153.94529248175442,7.993625726930108,36.66954298590819,-10.64002320746283
276,2020-11-17,58.87269738930065,112.86218874235037,169.62118777861775,10.912783481468406,39.65418408788898,-11.385304994937597
277,2020-11-18,59.37239614971564,112.86238604632857,171.87108433935416,10.162832991610188,37.6556290761895,-11.134768189891878
278,2020-11-19,55.372184555703136,111.11261723952633,167.1213364815818,3.663238522756987,31.41015835601192,-9.134190915718634
279,2020-11-20,55.37189506534388,112.1129881173742,160.87166482085314,6.163086803723002,36.40667882015388,-9.88345320610592
280,2020-11-21,56.371585779908756,112.36331811510554,161.62163757594936,6.413074397213164,37.15622918048994,-10.632737712066852
281,2020-11-22,55.871334560392405,116.11382692235875,161.6216484283296,5.413139386568406,36.40678631554186,-9.882047582191326
282,2020-11-23,55.91742898793932,110.90848099785727,158.63169560574548,8.165472814800069,37.809387065797075,-10.961915716183816
283,2020-11-24,60.46381108930573,116.28630060046109,174.3075909026202,11.084630569331637,40.794028167770804,-11.707197503656705
284,2020-11-25,60.96350984972683,116.28649790443528,176.55748746335712,10.334680079487518,38.79547315608762,-11.456660698616757
285,2020-11-26,56.96329825570109,114.53672909762169,171.80773960556309,3.835085610614672,32.550002435887286,-9.456083424437368
286,2020-11-27,56.96300876534494,115.53709997546702,165.5580679448323,6.334933891587244,37.54652290003524,-10.205345714827276
287,2020-11-28,57.96269947990929,115.78742997320548,166.30804069995312,6.584921485069386,38.296073260364444,-10.954630220784363
288,2020-11-29,57.4624482603917,119.53793878045808,166.30805155232062,5.58498647442531,37.546630395415335,-10.20394009090948
289,2020-11-30,57.50854268794088,114.33259285595386,163.31809872974526,8.337319902657713,38.94923114567049,-11.283808224902995
290,2020-12-01,62.05492478929458,119.7104124585498,178.9939940265721,11.25647765718459,41.93387224764383,-12.029090012373986
291,2020-12-02,62.554623549725974,119.71060976253838,181.24389058734894,10.506527167342705,39.935317235960234,-11.778553207333946
292,2020-12-03,58.554411955700935,117.96084095573106,176.4941427295581,4.006932698470651,33.68984651576384,-9.777975933154318
293,2020-12-04,58.554122465348186,118.96121183358338,170.24447106884264,6.506780979442592,38.686366979912066,-10.527238223544254
294,2020-12-05,59.553813179910215,119.21154183131316,170.99444382395586,6.7567685729229225,39.43591734023611,-11.27652272950144
295,2020-12-06,59.053561960398056,122.96205063856664,170.99445467632907,5.756833562284503,38.686474475295,-10.525832599629178
296,2020-12-07,59.09965638794424,117.75670471405542,168.00450185374063,8.509166990521514,40.08907522555164,-11.605700733623074
297,2020-12-08,63.64603848929739,123.13452431665031,183.68039715057196,11.428324745043643,43.07371632751891,-12.350982521093167
298,2020-12-09,64.14573724972279,123.13472162062806,185.93029371133167,10.678374255196523,41.07516131582845,-12.100445716052166
299,2020-12-10,60.145525655697014,121.38495281381245,181.18054585352579,4.178779786330045,34.82969059563802,-10.09986844187484
300,2020-12-11,60.14523616534926,122.38532369167619,174.93087419282185,6.678628067306836,39.82621105979341,-10.84913073226561
301,2020-12-12,61.14492687991099,122.63565368940642,175.6808469479297,6.928615660789076,40.575761420118305,-11.598415238222827
302,2020-12-13,60.64467566039736,126.38616249666596,175.68085780032,5.928680650141412,39.826318555168484,-10.847725108347332
303,2020-12-14,60.69077008794582,121.18081657215203,172.69090497774042,8.681014078379159,41.22891930542506,-11.927593242342256
304,2020-12-14,65.23715218930022,126.55863617475083,188.36680027457191,11.600171832902694,44.213560407394,-12.67287502981235
305,2020-12-15,65.7368509497196,126.55883347871774,190.61669683531449,10.85022134305034,42.21500539569668,-12.422338224770384
306,2020-12-16,61.736639355710096,124.80906467193364,185.86694897756124,4.350626874194829,35.969534675517934,-10.421760950594493
307,2020-12-17,61.73634986535141,125.80943554978077,179.61727731681654,6.850475155166631,40.9660551396725,-11.171023240984777
308,2020-12-18,62.73604057991191,126.05976554751409,180.36725007193246,7.10046274864261,41.71560549998998,-11.920307746939903
309,2020-12-19,62.235789360397604,129.810274354764,180.36726092430058,6.100527738005234,40.96616263504917,-11.16961761706718
310,2020-12-20,62.281883787950974,124.60492843025854,177.37730810173153,8.852861166249118,42.36876338531395,-12.249485751063238
311,2020-12-21,66.82826588929132,129.98274803284974,193.05320339852645,11.772018920759828,45.353404487273764,-12.994767538529558
312,2020-12-22,67.32796464972105,129.9829453368343,195.30309995931535,11.0220684309069,43.354849475573694,-12.744230733486544
313,2020-12-23,63.32775305570807,128.233176530029,190.55335210154257,4.522473962052515,37.10937875539331,-10.74365345931323
314,2020-12-24,63.32746356534743,129.23354740787872,184.30368044081453,7.022322243015899,42.1058992195331,-11.49291574969929
315,2020-12-25,64.32715427991276,129.48387740561455,185.05365319592082,7.272309836502456,42.85544957986691,-12.242200255659137
316,2020-12-26,63.826903060395956,133.23438621286454,185.053664048302,6.2723748258552225,42.106006714915445,-11.491510125783638
317,2020-12-27,63.872997487940644,128.02904028835664,182.06371122570576,9.024708254087464,43.508607465170044,-12.571378259776601
318,2020-12-28,68.41937958929186,133.4068598909401,197.73960652252373,11.943866008614702,46.49324856714211,-13.31666004724881
319,2020-12-29,68.91907834971786,133.40705719492394,199.98950308329808,11.193915518760715,44.49469355544191,-13.066123242204762
320,2020-12-30,64.91886675570791,131.65728838813834,195.23975522553746,4.694321049908495,38.24922283526985,-11.065545968030179
321,2020-12-31,64.91857726534958,132.65765926598326,188.99008356480923,7.1941693308756935,43.24574329941219,-11.814808258418456
322,2021-01-01,65.91826797991328,132.90798926371448,189.74005631992455,7.444156924358677,43.9952936597414,-12.564092764376642
323,2021-01-02,65.41801676039618,136.6584980709626,189.74006717228255,6.444221913719046,43.24585079479614,-11.813402634503488
324,2021-01-03,65.464111187944,131.45315214645817,186.7501143497012,9.196555341951267,44.64845154505119,-12.893270768496683
325,2021-01-04,70.01049328929696,136.8309717490508,202.42600964652624,12.115713096477933,47.63309264702394,-13.638552555967923
326,2021-01-05,70.510192049717,136.83116905302705,204.67590620728993,11.365762606615904,45.63453763531452,-13.38801575092195
327,2021-01-06,66.50998045570398,135.08140024621974,199.9261583495052,4.86616813776789,39.389066915144035,-11.387438476750699
328,2021-01-07,66.50969096535066,136.0817711240761,193.6764866887884,7.366016418739938,44.38558737929354,-12.136700767139812
329,2021-01-08,67.50938167991406,136.3321011218077,194.42645944389847,7.616004012224833,45.13513773962359,-12.885985273098033
330,2021-01-09,67.00913046039643,140.08260992906062,194.42647029626318,6.616069001582874,44.38569487467684,-12.135295143223336
331,2021-01-10,67.05522488794738,134.87726400455972,191.43651747369665,9.36840242981507,45.78829562493235,-13.215163277216764
332,2021-01-11,71.60160698929977,140.2550836071513,207.11241277052616,12.287560184336986,48.772936726899026,-13.960445064687104
333,2021-01-12,72.1013057497282,140.25528091113372,209.3623093312929,11.537609694493234,46.77438171521265,-13.709908259646832
334,2021-01-13,68.10109415570383,138.50551210432909,204.6125614735001,5.038015225623868,40.52891099502058,-11.70933098546765
335,2021-01-15,68.1008046653539,139.50588298219247,198.36288981279867,7.5378635065952855,45.52543145917036,-12.458593275856792
336,2021-01-16,69.10049537991499,139.7562129799154,199.11286256790115,7.787851100078367,46.27498181949525,-13.207877781815109
337,2021-01-17,68.60024416039478,143.50672178716118,199.11287342026452,6.7879160894328585,45.5255389545431,-12.457187651939792
338,2021-01-18,68.64633858793886,138.30137586266278,196.12292059766656,9.540249517659577,46.92813970479618,-13.53705578593103
339,2021-01-19,73.19272068930485,143.67919546526207,211.79881589452862,12.459407272200218,49.91278080678085,-14.282337573406213
340,2021-01-20,73.69241944972734,143.67939276923684,214.0487124552847,11.709456782348424,47.914225795085265,-14.03180076836402
341,2021-01-21,69.69220785571693,141.92962396245028,209.29896459753564,5.209862313488652,41.6687550749005,-12.031223494187307
342,2021-01-22,69.69191836535495,142.9299948402853,203.04929293677787,7.70971059445953,46.66527553905172,-12.780485784578147
343,2021-01-23,70.69160907991585,143.18032483801588,203.79926569188947,7.959698187938214,47.41482589937219,-13.52977029053434
344,2021-01-24,70.1913578604021,146.9308336452685,203.79927654426254,6.9597631772989725,46.66538303442998,-12.779080160661188
345,2021-01-25,70.2374522879404,141.72548772075936,200.80932372166637,9.712096605517216,48.06798378466959,-13.858948294650208
346,2021-01-26,74.7838343893054,147.10330732335237,216.48521901852598,12.63125436005509,51.0526248866492,-14.604230082125467
347,2021-01-27,75.28353314972415,147.10350462732654,218.7351155792675,11.881303870202238,49.05406987495348,-14.35369327708224
348,2021-01-28,71.28332155571299,145.35373582053165,213.98536772150328,5.381709401348045,42.808599154774676,-12.353116002907823
349,2021-01-29,71.283032065351,146.3541066983832,207.7356960607758,7.881557682308793,47.80511961891231,-13.102378293292658
350,2021-01-30,72.2827227799167,146.60443669611632,208.48566881587772,8.131545275798056,48.554669979249105,-13.851662799253573
351,2021-01-31,71.78247156040139,150.35494550336782,208.48567966825354,7.131610265155878,47.80522711430346,-13.100972669379342
352,2021-02-01,71.82856598794557,145.1495995788659,205.49572684565746,9.88394369338718,49.20782786455849,-14.180840803371193
353,2021-02-02,76.37494808931048,150.52741918146307,221.17162214252843,12.803101447918321,52.19246896653102,-14.926122590844578
354,2021-02-03,76.87464684972558,150.52761648544305,223.42151870326825,12.053150958058799,50.193913954830485,-14.6755857857984
355,2021-02-04,72.87443525571284,148.77784767864102,218.67177084549826,5.5535564892040234,43.94844323465123,-12.675008511624775
356,2021-02-05,72.87414576535205,149.77821855647605,212.422099184755,8.05340477017304,48.94496369879366,-13.424270802014012
357,2021-02-06,73.87383647991756,150.0285485542168,213.17207193986607,8.303392363657899,49.69451405912604,-14.173555307972807
358,2021-02-07,73.37358526040163,153.77905736146585,213.17208279223408,7.303457353019702,48.94507119418415,-13.422865178099192
359,2021-02-08,73.41967968794714,148.5737114369625,210.18212996965718,10.055790781244822,50.347671944431895,-14.502733312090372
360,2021-02-09,77.96606178929933,153.95153103955178,225.85802526648038,12.974948535771276,53.33231304640404,-15.248015099561854
361,2021-02-10,78.46576054972239,153.95172834353272,228.1079218272511,12.224998045912615,51.3337580346987,-14.997478294516615
362,2021-02-11,74.4655489557108,152.20195953673635,223.35817396947957,5.72540357706171,45.08828731452659,-12.996901020343511
363,2021-02-12,74.46525946535532,153.20233041459238,217.10850230876534,8.225251858028384,50.08480777867048,-13.746163310730992
364,2021-02-13,75.46495017991847,153.45266041232452,217.85847506386884,8.475239451511438,50.83435813899773,-14.495447816689884
365,2021-02-14,74.96469896040706,157.2031692195757,217.85848591625296,7.475304440871978,50.084915274056605,-13.744757686817193
366,2021-02-15,75.01079338794871,151.9978232950591,214.86853309365694,10.227637869102464,51.487516024305314,-14.824625820809553
367,2021-02-16,79.55717548930214,157.3756428976523,230.5444283904803,13.146795623630329,54.47215712627913,-15.569907608281039
368,2021-02-17,80.05687424972153,157.3758402016358,232.7943249512429,12.396845133767805,52.47360211457132,-15.319370803233806
369,2021-02-18,76.05666265570876,155.6260713948317,228.04457709346084,5.8972506649193965,46.228131394401956,-13.318793529062246
370,2021-02-19,76.05637316535638,156.62644227268518,221.79490543274446,8.397098945892632,51.22465185855183,-14.068055819452349
371,2021-02-20,77.05606387991884,156.87677227041,222.54487818784375,8.647086539380277,51.97420221888273,-14.817340325411703
372,2021-02-21,76.5558126604073,160.62728107767376,222.5448890402335,7.647151528735802,51.224759353937294,-14.066650195537044
373,2021-02-22,76.60190708795207,155.42193515316066,219.5549362176523,10.399484956966267,52.627360104186465,-15.146518329529632
374,2021-02-23,81.14828918930495,160.79975475575284,235.23083151448017,13.31864271148938,55.61200120615421,-15.89180011700022
375,2021-02-24,81.6479879497304,160.7999520597291,237.48072807523687,12.568692221643763,53.61344619446505,-15.641263311959717
376,2021-02-25,77.64777635571997,159.05018325293895,232.73098021748274,6.069097752785886,47.367975474280684,-13.640686037783684
377,2021-02-26,77.64748686535744,160.05055413077804,226.48130855672363,8.568946033756875,52.36449593843319,-14.3899483281737
378,2021-02-27,78.64717757991977,160.30088412851768,227.2312813118465,8.818933627233815,53.11404629875441,-15.139232834128778
379,2021-02-28,78.1469263604066,164.05139293577307,227.23129216422453,7.818998616592708,52.364603433810785,-14.388542704255197
380,2021-03-01,78.19302078795543,158.84604701126224,224.24133934164777,10.57133204483007,53.76720418406761,-15.468410838249715
381,2021-03-02,82.73940288931004,164.22386661386358,239.91723463848268,13.490489799352613,56.75184528603604,-16.21369262571933
382,2021-03-03,83.23910164973185,164.22406391784563,242.1671311992377,12.740539309500324,54.75329027434206,-15.963155820675874
383,2021-03-04,79.23889005571982,162.4742951110483,237.41738334147774,6.240944840641867,48.50781955415724,-13.962578546500637
384,2021-03-05,79.23860056536068,163.4746659888944,231.167711680734,8.74079312161222,53.50434001831001,-14.711840836890682
385,2021-03-06,80.2382912799206,163.7249959866181,231.91768443583476,8.990780715093658,54.25389037863133,-15.46112534284801
386,2021-03-07,79.73804006040588,167.47550479387232,231.91769528821544,7.990845704449614,53.50444751368426,-14.71043521297335
387,2021-03-08,79.7841344879469,162.27015886936525,228.92774246561768,10.743179132674577,54.90704826393145,-15.790303346963979
388,2021-03-09,84.33051658931058,167.64797847195388,244.60363776247996,13.662336887207484,57.891689365904384,-16.53558513443858
389,2021-03-10,84.83021534972866,167.6481757759353,246.85353432322043,12.91238639735414,55.89313435421028,-16.285048329394094
390,2021-03-11,80.83000375571778,165.89840696914368,242.10378646545902,6.412791928499554,49.64766363403261,-14.28447105521937
391,2021-03-12,80.82971426536176,166.89877784698723,235.85411480471313,8.912640209476466,54.64418409819137,-15.033733345612035
392,2021-03-13,81.82940497992114,167.14910784471806,236.60408755983855,9.162627802949883,55.39373445850583,-15.78301785156552
393,2021-03-14,81.32915376040518,170.89961665197166,236.60409841220644,8.16269279230652,54.64429159355775,-15.032327721691503
394,2021-03-14,81.37524818794849,165.69427072746183,233.6141455896175,10.91502622053222,56.046892343804856,-16.112195855683158
395,2021-03-14,85.92163028931566,171.0720903300646,249.2900408864825,13.834183975070717,59.03153344578621,-16.85747764315769
396,2021-03-14,86.4213290497278,171.07228763403842,251.53993744721225,13.084233485209328,57.0329784340829,-16.60694083811128
397,2021-03-15,82.42111745571574,169.322518827239,246.79018958944033,6.58463901635724,50.78750771390797,-14.606363563938107
398,2021-03-16,82.42082796535777,170.32288970508512,240.54051792871113,9.084487297325731,55.78402817805196,-15.355625854326549
399,2021-03-17,83.4205186799219,170.5732197028113,241.2904906838125,9.334474890816034,56.533578538388014,-16.104910360286905
400,2021-03-18,82.92026746040541,174.32372851006966,241.29050153618704,8.334539880170345,55.78413567343844,-15.354220230411354
401,2021-03-19,82.96636188795362,169.11838258556838,238.30054871360852,11.08687330840218,57.18673642369375,-16.434088364404143
402,2021-03-20,87.51274398930678,174.4962021881635,253.97644401043695,14.00603106292785,60.17137752566597,-17.1793701518749
403,2021-03-21,88.01244274973901,174.49639949214512,256.2263405712153,13.25608057308666,58.17282251398102,-16.928833346836164
404,2021-03-22,84.0122311557137,172.7466306853344,251.47659271342167,6.756486104214925,51.92735179378333,-14.928256072656845
405,2021-03-23,84.01194166535993,173.7470015631897,245.22692105270588,9.25633438518553,56.92387225793105,-15.677518363045715
406,2021-03-24,85.01163237992284,173.99733156091898,245.97689380781517,9.506321978669568,57.67342261825969,-16.426802869003982
407,2021-03-25,84.51138116040377,177.74784036817024,245.97690466018838,8.50638696802033,56.923979753304714,-15.676112739127808
408,2021-03-26,84.5574755879552,172.542494443665,242.9869518376083,11.258720396259823,58.32658050356716,-16.755980873123324
409,2021-03-27,89.1038576893096,177.92031404626405,258.6628471344369,14.177878150786903,61.311221605541064,-17.501262660594087
410,2021-03-28,89.60355644973814,177.92051135024823,260.91274369520704,13.427927660941846,59.31266659385363,-17.250725855553352
411,2021-03-29,85.60334485571354,176.17074254344374,256.1629958374166,6.9283331920709035,53.067195873659884,-15.250148581373791
412,2021-03-30,85.60305536536208,177.1711134212943,249.9133241767006,9.42818147304532,58.063716337810135,-15.999410871764882
413,2021-03-31,86.60274607992376,177.42144341902667,250.66329693181794,9.678169066523106,58.813266698131365,-16.748695377721063
414,2021-04-01,86.10249486041108,181.17195222627757,250.66330778418646,8.678234055886445,58.063823833191584,-15.998005247849207
415,2021-04-02,86.14858928795856,175.96660630176652,247.6733549616037,11.430567484123623,59.466424583448315,-17.0778733818434
416,2021-04-03,90.69497138931241,181.34442590436458,263.3492502584368,14.349725238645956,62.451065685416154,-17.823155169313264
417,2021-04-04,91.19467014973496,181.3446232083379,265.5991468191899,13.599774748795662,60.45251067372186,-17.572618364271573
418,2021-04-05,87.19445855570963,179.5948544015251,260.8493989613843,7.100180279930297,54.207039953534064,-15.572041090094313
419,2021-04-06,87.19416906535703,180.59522527938046,254.599727300683,9.600028560899037,59.20356041767299,-16.32130338048158
420,2021-04-07,88.19385977992454,180.84555527711993,255.34970005579183,9.850016154389259,59.95311077801356,-17.070587886442446
421,2021-04-08,87.6936085604104,184.59606408437688,255.34971090817749,8.85008114374335,59.20366791306507,-16.319897756567357
422,2021-04-09,87.73970298796192,179.3907181598681,252.35975808559908,11.602414571987428,60.606268663329466,-17.399765890563483
423,2021-04-10,92.28608508931522,184.7685377624651,268.0356533824367,14.521572326505007,63.59090976529124,-18.145047678032444
424,2021-04-11,92.7857838497364,184.76873506645438,270.28554994319063,13.771621836652223,61.59235475359886,-17.89451087298773
425,2021-04-15,88.78557225572271,183.01896625964628,265.5358020854198,7.272027367795081,55.34688403341398,-15.89393359881397
426,2021-04-16,88.78528276535917,184.01933713748502,259.2861304246777,9.771875648758833,60.34340449755208,-16.643195889200747
427,2021-04-17,89.78497347992547,184.26966713522754,260.0361031797945,10.021863242242794,61.092954857885225,-17.392480395159524
428,2021-04-18,89.28472226041063,188.02017594247488,260.036114032158,9.021928231607177,60.34351199294576,-16.641790265287206
429,2021-04-19,89.33081668795339,182.81483001797113,257.04616120956905,11.774261659831934,61.74611274319331,-17.72165839927775
430,2021-04-20,93.87719878930635,188.19264962056397,272.7220565063912,14.693419414362141,64.730753845171,-18.466940186749653
431,2021-04-21,94.37689754973323,188.19284692454409,274.97195306717344,13.943468924506039,62.732198833467095,-18.21640338170595
432,2021-04-22,90.37668595572067,186.44307811774166,270.2222052094011,7.443874455652768,56.48672811328934,-16.215826107532703
433,2021-04-23,90.37639646536134,187.44344899558965,263.9725335486725,9.943722736618628,61.483248577431176,-16.965088397919917
434,2021-04-24,91.37608717992632,187.69377899332804,264.72250630378284,10.19371033010264,62.232798937762155,-17.714372903878758
435,2021-04-25,90.87583596040896,191.44428780057544,264.7225171561594,9.193775319457163,61.483356072812036,-16.963682774003665
